<metadata xml:lang="en"><Esri><CreaDate>20120402</CreaDate><CreaTime>19285000</CreaTime><ArcGISFormat>1.0</ArcGISFormat><SyncOnce>FALSE</SyncOnce><DataProperties><lineage><Process ToolSource="E:\Program Files (x86)\ArcGIS\Desktop10.0\ArcToolbox\Toolboxes\Data Management Tools.tbx\CreateFeatureclass" Date="20120402" Time="192850">CreateFeatureclass E:\code\Spatial\Connections\OPS$GEODATA_D2CS01.sde GEO2010_BLOCK_P2G0_A POLYGON G:\load\en\GEO\2010\spatial\geo_2010_d_05000_100_00_py_z1-20110125163426.shp SAME_AS_TEMPLATE SAME_AS_TEMPLATE "PROJCS['WGS_1984_Web_Mercator_Auxiliary_Sphere',GEOGCS['GCS_WGS_1984',DATUM['D_WGS_1984',SPHEROID['WGS_1984',6378137.0,298.257223563]],PRIMEM['Greenwich',0.0],UNIT['Degree',0.0174532925199433]],PROJECTION['Mercator_Auxiliary_Sphere'],PARAMETER['False_Easting',0.0],PARAMETER['False_Northing',0.0],PARAMETER['Central_Meridian',0.0],PARAMETER['Standard_Parallel_1',0.0],PARAMETER['Auxiliary_Sphere_Type',0.0],UNIT['Meter',1.0]];-20037700 -30241100 10000;-100000 10000;-100000 10000;0.001;0.001;0.001;IsHighPrecision" ST_GEOMETRY 0 0 0</Process><Process ToolSource="E:\Program Files (x86)\ArcGIS\Desktop10.0\ArcToolbox\Toolboxes\Data Management Tools.tbx\ChangePrivileges" Date="20120402" Time="192851">ChangePrivileges E:\code\Spatial\Connections\OPS$GEODATA_D2CS01.sde\GEO2010_BLOCK_P2G0_A SPATIAL_META2010_RW GRANT AS_IS</Process><Process ToolSource="E:\Program Files (x86)\ArcGIS\Desktop10.0\ArcToolbox\Toolboxes\Data Management Tools.tbx\RemoveSpatialIndex" Date="20120402" Time="192851">RemoveSpatialIndex E:\code\Spatial\Connections\OPS$GEODATA_D2CS01.sde\GEO2010_BLOCK_P2G0_A</Process><Process ToolSource="E:\Program Files (x86)\ArcGIS\Desktop10.0\ArcToolbox\Toolboxes\Data Management Tools.tbx\Append" Date="20120402" Time="193315">Append G:\load\en\GEO\2010\spatial\geo_2010_d_05000_100_00_py_z1-20110125163426.shp E:\code\Spatial\Connections\OPS$GEODATA_D2CS01.sde\GEO2010_BLOCK_P2G0_A TEST # #</Process><Process ToolSource="E:\Program Files (x86)\ArcGIS\Desktop10.0\ArcToolbox\Toolboxes\Data Management Tools.tbx\Append" Date="20120402" Time="195123">Append G:\load\en\GEO\2010\spatial\geo_2010_d_30000_100_00_py_z1-20110125163426.shp E:\code\Spatial\Connections\OPS$GEODATA_D2CS01.sde\GEO2010_BLOCK_P2G0_A TEST # #</Process><Process ToolSource="E:\Program Files (x86)\ArcGIS\Desktop10.0\ArcToolbox\Toolboxes\Data Management Tools.tbx\Append" Date="20120402" Time="200431">Append G:\load\en\GEO\2010\spatial\geo_2010_d_35000_100_00_py_z1-20110125163426.shp E:\code\Spatial\Connections\OPS$GEODATA_D2CS01.sde\GEO2010_BLOCK_P2G0_A TEST # #</Process><Process ToolSource="E:\Program Files (x86)\ArcGIS\Desktop10.0\ArcToolbox\Toolboxes\Data Management Tools.tbx\Append" Date="20120402" Time="201924">Append G:\load\en\GEO\2010\spatial\geo_2010_d_42000_100_00_py_z1-20110125163426.shp E:\code\Spatial\Connections\OPS$GEODATA_D2CS01.sde\GEO2010_BLOCK_P2G0_A TEST # #</Process><Process ToolSource="E:\Program Files (x86)\ArcGIS\Desktop10.0\ArcToolbox\Toolboxes\Data Management Tools.tbx\Append" Date="20120402" Time="204644">Append G:\load\en\GEO\2010\spatial\geo_2010_d_56000_100_00_py_z1-20110125163426.shp E:\code\Spatial\Connections\OPS$GEODATA_D2CS01.sde\GEO2010_BLOCK_P2G0_A TEST # #</Process><Process ToolSource="E:\Program Files (x86)\ArcGIS\Desktop10.0\ArcToolbox\Toolboxes\Data Management Tools.tbx\Append" Date="20120402" Time="205422">Append G:\load\en\GEO\2010\spatial\geo_2010_d_15000_100_00_py_z1-20110125163426.shp E:\code\Spatial\Connections\OPS$GEODATA_D2CS01.sde\GEO2010_BLOCK_P2G0_A TEST # #</Process><Process ToolSource="E:\Program Files (x86)\ArcGIS\Desktop10.0\ArcToolbox\Toolboxes\Data Management Tools.tbx\Append" Date="20120402" Time="211142">Append G:\load\en\GEO\2010\spatial\geo_2010_d_13000_100_00_py_z1-20110125163426.shp E:\code\Spatial\Connections\OPS$GEODATA_D2CS01.sde\GEO2010_BLOCK_P2G0_A TEST # #</Process><Process ToolSource="E:\Program Files (x86)\ArcGIS\Desktop10.0\ArcToolbox\Toolboxes\Data Management Tools.tbx\Append" Date="20120402" Time="212203">Append G:\load\en\GEO\2010\spatial\geo_2010_d_31000_100_00_py_z1-20110125163426.shp E:\code\Spatial\Connections\OPS$GEODATA_D2CS01.sde\GEO2010_BLOCK_P2G0_A TEST # #</Process><Process ToolSource="E:\Program Files (x86)\ArcGIS\Desktop10.0\ArcToolbox\Toolboxes\Data Management Tools.tbx\Append" Date="20120402" Time="215026">Append G:\load\en\GEO\2010\spatial\geo_2010_d_53000_100_00_py_z1-20110125163426.shp E:\code\Spatial\Connections\OPS$GEODATA_D2CS01.sde\GEO2010_BLOCK_P2G0_A TEST # #</Process><Process ToolSource="E:\Program Files (x86)\ArcGIS\Desktop10.0\ArcToolbox\Toolboxes\Data Management Tools.tbx\Append" Date="20120402" Time="215632">Append G:\load\en\GEO\2010\spatial\geo_2010_d_50000_100_00_py_z1-20110125163426.shp E:\code\Spatial\Connections\OPS$GEODATA_D2CS01.sde\GEO2010_BLOCK_P2G0_A TEST # #</Process><Process ToolSource="E:\Program Files (x86)\ArcGIS\Desktop10.0\ArcToolbox\Toolboxes\Data Management Tools.tbx\Append" Date="20120402" Time="220517">Append G:\load\en\GEO\2010\spatial\geo_2010_d_44000_100_00_py_z1-20110125163426.shp E:\code\Spatial\Connections\OPS$GEODATA_D2CS01.sde\GEO2010_BLOCK_P2G0_A TEST # #</Process><Process ToolSource="E:\Program Files (x86)\ArcGIS\Desktop10.0\ArcToolbox\Toolboxes\Data Management Tools.tbx\Append" Date="20120402" Time="221834">Append G:\load\en\GEO\2010\spatial\geo_2010_d_01000_100_00_py_z1-20110125163426.shp E:\code\Spatial\Connections\OPS$GEODATA_D2CS01.sde\GEO2010_BLOCK_P2G0_A TEST # #</Process><Process ToolSource="E:\Program Files (x86)\ArcGIS\Desktop10.0\ArcToolbox\Toolboxes\Data Management Tools.tbx\Append" Date="20120402" Time="222417">Append G:\load\en\GEO\2010\spatial\geo_2010_d_32000_100_00_py_z1-20110125163426.shp E:\code\Spatial\Connections\OPS$GEODATA_D2CS01.sde\GEO2010_BLOCK_P2G0_A TEST # #</Process><Process ToolSource="E:\Program Files (x86)\ArcGIS\Desktop10.0\ArcToolbox\Toolboxes\Data Management Tools.tbx\Append" Date="20120402" Time="224103">Append G:\load\en\GEO\2010\spatial\geo_2010_d_72000_100_00_py_z1-20110125163426.shp E:\code\Spatial\Connections\OPS$GEODATA_D2CS01.sde\GEO2010_BLOCK_P2G0_A TEST # #</Process><Process ToolSource="E:\Program Files (x86)\ArcGIS\Desktop10.0\ArcToolbox\Toolboxes\Data Management Tools.tbx\Append" Date="20120402" Time="224844">Append G:\load\en\GEO\2010\spatial\geo_2010_d_54000_100_00_py_z1-20110125163426.shp E:\code\Spatial\Connections\OPS$GEODATA_D2CS01.sde\GEO2010_BLOCK_P2G0_A TEST # #</Process><Process ToolSource="E:\Program Files (x86)\ArcGIS\Desktop10.0\ArcToolbox\Toolboxes\Data Management Tools.tbx\Append" Date="20120402" Time="231403">Append G:\load\en\GEO\2010\spatial\geo_2010_d_48000_100_00_py_z1-20110125163426.shp E:\code\Spatial\Connections\OPS$GEODATA_D2CS01.sde\GEO2010_BLOCK_P2G0_A TEST # #</Process><Process ToolSource="E:\Program Files (x86)\ArcGIS\Desktop10.0\ArcToolbox\Toolboxes\Data Management Tools.tbx\Append" Date="20120402" Time="232632">Append G:\load\en\GEO\2010\spatial\geo_2010_d_16000_100_00_py_z1-20110125163426.shp E:\code\Spatial\Connections\OPS$GEODATA_D2CS01.sde\GEO2010_BLOCK_P2G0_A TEST # #</Process><Process ToolSource="E:\Program Files (x86)\ArcGIS\Desktop10.0\ArcToolbox\Toolboxes\Data Management Tools.tbx\Append" Date="20120402" Time="234217">Append G:\load\en\GEO\2010\spatial\geo_2010_d_33000_100_00_py_z1-20110125163426.shp E:\code\Spatial\Connections\OPS$GEODATA_D2CS01.sde\GEO2010_BLOCK_P2G0_A TEST # #</Process><Process ToolSource="E:\Program Files (x86)\ArcGIS\Desktop10.0\ArcToolbox\Toolboxes\Data Management Tools.tbx\Append" Date="20120402" Time="235536">Append G:\load\en\GEO\2010\spatial\geo_2010_d_47000_100_00_py_z1-20110125163426.shp E:\code\Spatial\Connections\OPS$GEODATA_D2CS01.sde\GEO2010_BLOCK_P2G0_A TEST # #</Process><Process ToolSource="E:\Program Files (x86)\ArcGIS\Desktop10.0\ArcToolbox\Toolboxes\Data Management Tools.tbx\Append" Date="20120403" Time="000642">Append G:\load\en\GEO\2010\spatial\geo_2010_d_25000_100_00_py_z1-20110125163426.shp E:\code\Spatial\Connections\OPS$GEODATA_D2CS01.sde\GEO2010_BLOCK_P2G0_A TEST # #</Process><Process ToolSource="E:\Program Files (x86)\ArcGIS\Desktop10.0\ArcToolbox\Toolboxes\Data Management Tools.tbx\Append" Date="20120403" Time="002045">Append G:\load\en\GEO\2010\spatial\geo_2010_d_55000_100_00_py_z1-20110125163426.shp E:\code\Spatial\Connections\OPS$GEODATA_D2CS01.sde\GEO2010_BLOCK_P2G0_A TEST # #</Process><Process ToolSource="E:\Program Files (x86)\ArcGIS\Desktop10.0\ArcToolbox\Toolboxes\Data Management Tools.tbx\Append" Date="20120403" Time="003346">Append G:\load\en\GEO\2010\spatial\geo_2010_d_19000_100_00_py_z1-20110125163426.shp E:\code\Spatial\Connections\OPS$GEODATA_D2CS01.sde\GEO2010_BLOCK_P2G0_A TEST # #</Process><Process ToolSource="E:\Program Files (x86)\ArcGIS\Desktop10.0\ArcToolbox\Toolboxes\Data Management Tools.tbx\Append" Date="20120403" Time="004552">Append G:\load\en\GEO\2010\spatial\geo_2010_d_38000_100_00_py_z1-20110125163426.shp E:\code\Spatial\Connections\OPS$GEODATA_D2CS01.sde\GEO2010_BLOCK_P2G0_A TEST # #</Process><Process ToolSource="E:\Program Files (x86)\ArcGIS\Desktop10.0\ArcToolbox\Toolboxes\Data Management Tools.tbx\Append" Date="20120403" Time="010106">Append G:\load\en\GEO\2010\spatial\geo_2010_d_37000_100_00_py_z1-20110125163426.shp E:\code\Spatial\Connections\OPS$GEODATA_D2CS01.sde\GEO2010_BLOCK_P2G0_A TEST # #</Process><Process ToolSource="E:\Program Files (x86)\ArcGIS\Desktop10.0\ArcToolbox\Toolboxes\Data Management Tools.tbx\Append" Date="20120403" Time="011530">Append G:\load\en\GEO\2010\spatial\geo_2010_d_27000_100_00_py_z1-20110125163426.shp E:\code\Spatial\Connections\OPS$GEODATA_D2CS01.sde\GEO2010_BLOCK_P2G0_A TEST # #</Process><Process ToolSource="E:\Program Files (x86)\ArcGIS\Desktop10.0\ArcToolbox\Toolboxes\Data Management Tools.tbx\Append" Date="20120403" Time="015915">Append G:\load\en\GEO\2010\spatial\geo_2010_d_12000_100_00_py_z1-20110125163426.shp E:\code\Spatial\Connections\OPS$GEODATA_D2CS01.sde\GEO2010_BLOCK_P2G0_A TEST # #</Process><Process ToolSource="E:\Program Files (x86)\ArcGIS\Desktop10.0\ArcToolbox\Toolboxes\Data Management Tools.tbx\Append" Date="20120403" Time="024235">Append G:\load\en\GEO\2010\spatial\geo_2010_d_39000_100_00_py_z1-20110125163426.shp E:\code\Spatial\Connections\OPS$GEODATA_D2CS01.sde\GEO2010_BLOCK_P2G0_A TEST # #</Process><Process ToolSource="E:\Program Files (x86)\ArcGIS\Desktop10.0\ArcToolbox\Toolboxes\Data Management Tools.tbx\Append" Date="20120403" Time="025240">Append G:\load\en\GEO\2010\spatial\geo_2010_d_11000_100_00_py_z1-20110125163426.shp E:\code\Spatial\Connections\OPS$GEODATA_D2CS01.sde\GEO2010_BLOCK_P2G0_A TEST # #</Process><Process ToolSource="E:\Program Files (x86)\ArcGIS\Desktop10.0\ArcToolbox\Toolboxes\Data Management Tools.tbx\Append" Date="20120403" Time="030636">Append G:\load\en\GEO\2010\spatial\geo_2010_d_09000_100_00_py_z1-20110125163426.shp E:\code\Spatial\Connections\OPS$GEODATA_D2CS01.sde\GEO2010_BLOCK_P2G0_A TEST # #</Process><Process ToolSource="E:\Program Files (x86)\ArcGIS\Desktop10.0\ArcToolbox\Toolboxes\Data Management Tools.tbx\Append" Date="20120403" Time="033841">Append G:\load\en\GEO\2010\spatial\geo_2010_d_24000_100_00_py_z1-20110125163426.shp E:\code\Spatial\Connections\OPS$GEODATA_D2CS01.sde\GEO2010_BLOCK_P2G0_A TEST # #</Process><Process ToolSource="E:\Program Files (x86)\ArcGIS\Desktop10.0\ArcToolbox\Toolboxes\Data Management Tools.tbx\Append" Date="20120403" Time="035511">Append G:\load\en\GEO\2010\spatial\geo_2010_d_41000_100_00_py_z1-20110125163426.shp E:\code\Spatial\Connections\OPS$GEODATA_D2CS01.sde\GEO2010_BLOCK_P2G0_A TEST # #</Process><Process ToolSource="E:\Program Files (x86)\ArcGIS\Desktop10.0\ArcToolbox\Toolboxes\Data Management Tools.tbx\Append" Date="20120403" Time="041727">Append G:\load\en\GEO\2010\spatial\geo_2010_d_02000_100_00_py_z1-20110125163426.shp E:\code\Spatial\Connections\OPS$GEODATA_D2CS01.sde\GEO2010_BLOCK_P2G0_A TEST # #</Process><Process ToolSource="E:\Program Files (x86)\ArcGIS\Desktop10.0\ArcToolbox\Toolboxes\Data Management Tools.tbx\Append" Date="20120403" Time="044025">Append G:\load\en\GEO\2010\spatial\geo_2010_d_08000_100_00_py_z1-20110125163426.shp E:\code\Spatial\Connections\OPS$GEODATA_D2CS01.sde\GEO2010_BLOCK_P2G0_A TEST # #</Process><Process ToolSource="E:\Program Files (x86)\ArcGIS\Desktop10.0\ArcToolbox\Toolboxes\Data Management Tools.tbx\Append" Date="20120403" Time="045906">Append G:\load\en\GEO\2010\spatial\geo_2010_d_51000_100_00_py_z1-20110125163426.shp E:\code\Spatial\Connections\OPS$GEODATA_D2CS01.sde\GEO2010_BLOCK_P2G0_A TEST # #</Process><Process ToolSource="E:\Program Files (x86)\ArcGIS\Desktop10.0\ArcToolbox\Toolboxes\Data Management Tools.tbx\Append" Date="20120403" Time="051320">Append G:\load\en\GEO\2010\spatial\geo_2010_d_23000_100_00_py_z1-20110125163426.shp E:\code\Spatial\Connections\OPS$GEODATA_D2CS01.sde\GEO2010_BLOCK_P2G0_A TEST # #</Process><Process ToolSource="E:\Program Files (x86)\ArcGIS\Desktop10.0\ArcToolbox\Toolboxes\Data Management Tools.tbx\Append" Date="20120403" Time="053148">Append G:\load\en\GEO\2010\spatial\geo_2010_d_29000_100_00_py_z1-20110125163426.shp E:\code\Spatial\Connections\OPS$GEODATA_D2CS01.sde\GEO2010_BLOCK_P2G0_A TEST # #</Process><Process ToolSource="E:\Program Files (x86)\ArcGIS\Desktop10.0\ArcToolbox\Toolboxes\Data Management Tools.tbx\Append" Date="20120403" Time="055209">Append G:\load\en\GEO\2010\spatial\geo_2010_d_04000_100_00_py_z1-20110125163426.shp E:\code\Spatial\Connections\OPS$GEODATA_D2CS01.sde\GEO2010_BLOCK_P2G0_A TEST # #</Process><Process ToolSource="E:\Program Files (x86)\ArcGIS\Desktop10.0\ArcToolbox\Toolboxes\Data Management Tools.tbx\Append" Date="20120403" Time="060936">Append G:\load\en\GEO\2010\spatial\geo_2010_d_20000_100_00_py_z1-20110125163426.shp E:\code\Spatial\Connections\OPS$GEODATA_D2CS01.sde\GEO2010_BLOCK_P2G0_A TEST # #</Process><Process ToolSource="E:\Program Files (x86)\ArcGIS\Desktop10.0\ArcToolbox\Toolboxes\Data Management Tools.tbx\Append" Date="20120403" Time="062338">Append G:\load\en\GEO\2010\spatial\geo_2010_d_49000_100_00_py_z1-20110125163426.shp E:\code\Spatial\Connections\OPS$GEODATA_D2CS01.sde\GEO2010_BLOCK_P2G0_A TEST # #</Process><Process ToolSource="E:\Program Files (x86)\ArcGIS\Desktop10.0\ArcToolbox\Toolboxes\Data Management Tools.tbx\Append" Date="20120403" Time="063926">Append G:\load\en\GEO\2010\spatial\geo_2010_d_45000_100_00_py_z1-20110125163426.shp E:\code\Spatial\Connections\OPS$GEODATA_D2CS01.sde\GEO2010_BLOCK_P2G0_A TEST # #</Process><Process ToolSource="E:\Program Files (x86)\ArcGIS\Desktop10.0\ArcToolbox\Toolboxes\Data Management Tools.tbx\Append" Date="20120403" Time="065805">Append G:\load\en\GEO\2010\spatial\geo_2010_d_46000_100_00_py_z1-20110125163426.shp E:\code\Spatial\Connections\OPS$GEODATA_D2CS01.sde\GEO2010_BLOCK_P2G0_A TEST # #</Process><Process ToolSource="E:\Program Files (x86)\ArcGIS\Desktop10.0\ArcToolbox\Toolboxes\Data Management Tools.tbx\Append" Date="20120403" Time="073905">Append G:\load\en\GEO\2010\spatial\geo_2010_d_06000_100_00_py_z1-20110125163426.shp E:\code\Spatial\Connections\OPS$GEODATA_D2CS01.sde\GEO2010_BLOCK_P2G0_A TEST # #</Process><Process ToolSource="E:\Program Files (x86)\ArcGIS\Desktop10.0\ArcToolbox\Toolboxes\Data Management Tools.tbx\Append" Date="20120403" Time="080808">Append G:\load\en\GEO\2010\spatial\geo_2010_d_17000_100_00_py_z1-20110125163426.shp E:\code\Spatial\Connections\OPS$GEODATA_D2CS01.sde\GEO2010_BLOCK_P2G0_A TEST # #</Process><Process ToolSource="E:\Program Files (x86)\ArcGIS\Desktop10.0\ArcToolbox\Toolboxes\Data Management Tools.tbx\Append" Date="20120403" Time="083135">Append G:\load\en\GEO\2010\spatial\geo_2010_d_26000_100_00_py_z1-20110125163426.shp E:\code\Spatial\Connections\OPS$GEODATA_D2CS01.sde\GEO2010_BLOCK_P2G0_A TEST # #</Process><Process ToolSource="E:\Program Files (x86)\ArcGIS\Desktop10.0\ArcToolbox\Toolboxes\Data Management Tools.tbx\Append" Date="20120403" Time="085525">Append G:\load\en\GEO\2010\spatial\geo_2010_d_18000_100_00_py_z1-20110125163426.shp E:\code\Spatial\Connections\OPS$GEODATA_D2CS01.sde\GEO2010_BLOCK_P2G0_A TEST # #</Process><Process ToolSource="E:\Program Files (x86)\ArcGIS\Desktop10.0\ArcToolbox\Toolboxes\Data Management Tools.tbx\Append" Date="20120403" Time="092343">Append G:\load\en\GEO\2010\spatial\geo_2010_d_28000_100_00_py_z1-20110125163426.shp E:\code\Spatial\Connections\OPS$GEODATA_D2CS01.sde\GEO2010_BLOCK_P2G0_A TEST # #</Process><Process ToolSource="E:\Program Files (x86)\ArcGIS\Desktop10.0\ArcToolbox\Toolboxes\Data Management Tools.tbx\Append" Date="20120403" Time="095636">Append G:\load\en\GEO\2010\spatial\geo_2010_d_34000_100_00_py_z1-20110125163426.shp E:\code\Spatial\Connections\OPS$GEODATA_D2CS01.sde\GEO2010_BLOCK_P2G0_A TEST # #</Process><Process ToolSource="E:\Program Files (x86)\ArcGIS\Desktop10.0\ArcToolbox\Toolboxes\Data Management Tools.tbx\Append" Date="20120403" Time="102651">Append G:\load\en\GEO\2010\spatial\geo_2010_d_40000_100_00_py_z1-20110125163426.shp E:\code\Spatial\Connections\OPS$GEODATA_D2CS01.sde\GEO2010_BLOCK_P2G0_A TEST # #</Process><Process ToolSource="E:\Program Files (x86)\ArcGIS\Desktop10.0\ArcToolbox\Toolboxes\Data Management Tools.tbx\Append" Date="20120403" Time="104913">Append G:\load\en\GEO\2010\spatial\geo_2010_d_22000_100_00_py_z1-20110125163426.shp E:\code\Spatial\Connections\OPS$GEODATA_D2CS01.sde\GEO2010_BLOCK_P2G0_A TEST # #</Process><Process ToolSource="E:\Program Files (x86)\ArcGIS\Desktop10.0\ArcToolbox\Toolboxes\Data Management Tools.tbx\Append" Date="20120403" Time="110702">Append G:\load\en\GEO\2010\spatial\geo_2010_d_10000_100_00_py_z1-20110125163426.shp E:\code\Spatial\Connections\OPS$GEODATA_D2CS01.sde\GEO2010_BLOCK_P2G0_A TEST # #</Process><Process ToolSource="E:\Program Files (x86)\ArcGIS\Desktop10.0\ArcToolbox\Toolboxes\Data Management Tools.tbx\Append" Date="20120403" Time="113828">Append G:\load\en\GEO\2010\spatial\geo_2010_d_21000_100_00_py_z1-20110125163426.shp E:\code\Spatial\Connections\OPS$GEODATA_D2CS01.sde\GEO2010_BLOCK_P2G0_A TEST # #</Process><Process ToolSource="E:\Program Files (x86)\ArcGIS\Desktop10.0\ArcToolbox\Toolboxes\Data Management Tools.tbx\Append" Date="20120403" Time="120820">Append G:\load\en\GEO\2010\spatial\geo_2010_d_36000_100_00_py_z1-20110215163638.shp E:\code\Spatial\Connections\OPS$GEODATA_D2CS01.sde\GEO2010_BLOCK_P2G0_A TEST # #</Process><Process ToolSource="E:\Program Files (x86)\ArcGIS\Desktop10.0\ArcToolbox\Toolboxes\Data Management Tools.tbx\Append" Date="20120403" Time="185204">Append G:\load\en\GEO\2010\spatial\geo_2010_d_60000_100_00_py_z1-20120214084819.shp E:\code\Spatial\Connections\OPS$GEODATA_D2CS01.sde\GEO2010_BLOCK_P2G0_A TEST # #</Process><Process ToolSource="E:\Program Files (x86)\ArcGIS\Desktop10.0\ArcToolbox\Toolboxes\Data Management Tools.tbx\Append" Date="20120403" Time="191043">Append G:\load\en\GEO\2010\spatial\geo_2010_d_66000_100_00_py_z1-20120227123108.shp E:\code\Spatial\Connections\OPS$GEODATA_D2CS01.sde\GEO2010_BLOCK_P2G0_A TEST # #</Process><Process ToolSource="E:\Program Files (x86)\ArcGIS\Desktop10.0\ArcToolbox\Toolboxes\Data Management Tools.tbx\Append" Date="20120403" Time="193506">Append G:\load\en\GEO\2010\spatial\geo_2010_d_69000_100_00_py_z1-20120227123108.shp E:\code\Spatial\Connections\OPS$GEODATA_D2CS01.sde\GEO2010_BLOCK_P2G0_A TEST # #</Process><Process ToolSource="E:\Program Files (x86)\ArcGIS\Desktop10.0\ArcToolbox\Toolboxes\Data Management Tools.tbx\Append" Date="20120403" Time="195247">Append G:\load\en\GEO\2010\spatial\geo_2010_d_78000_100_00_py_z1-20120227123108.shp E:\code\Spatial\Connections\OPS$GEODATA_D2CS01.sde\GEO2010_BLOCK_P2G0_A TEST # #</Process><Process ToolSource="E:\Program Files (x86)\ArcGIS\Desktop10.0\ArcToolbox\Toolboxes\Data Management Tools.tbx\Append" Date="20151101" Time="193223">Append G:\load\en\GEO\2010\spatial\geo_2010_d_05000_100_00_py_z1-20110125163426.shp E:\code\Spatial\Connections\OPS$GEODATA_D2CS01.sde\GEO2010_BLOCK_P2G0_A TEST # #</Process><Process ToolSource="E:\Program Files (x86)\ArcGIS\Desktop10.0\ArcToolbox\Toolboxes\Data Management Tools.tbx\Append" Date="20151101" Time="202052">Append G:\load\en\GEO\2010\spatial\geo_2010_d_30000_100_00_py_z1-20110125163426.shp E:\code\Spatial\Connections\OPS$GEODATA_D2CS01.sde\GEO2010_BLOCK_P2G0_A TEST # #</Process><Process ToolSource="E:\Program Files (x86)\ArcGIS\Desktop10.0\ArcToolbox\Toolboxes\Data Management Tools.tbx\Append" Date="20151101" Time="210736">Append G:\load\en\GEO\2010\spatial\geo_2010_d_35000_100_00_py_z1-20110125163426.shp E:\code\Spatial\Connections\OPS$GEODATA_D2CS01.sde\GEO2010_BLOCK_P2G0_A TEST # #</Process><Process ToolSource="E:\Program Files (x86)\ArcGIS\Desktop10.0\ArcToolbox\Toolboxes\Data Management Tools.tbx\Append" Date="20151101" Time="215428">Append G:\load\en\GEO\2010\spatial\geo_2010_d_42000_100_00_py_z1-20110125163426.shp E:\code\Spatial\Connections\OPS$GEODATA_D2CS01.sde\GEO2010_BLOCK_P2G0_A TEST # #</Process><Process ToolSource="E:\Program Files (x86)\ArcGIS\Desktop10.0\ArcToolbox\Toolboxes\Data Management Tools.tbx\Append" Date="20151101" Time="225917">Append G:\load\en\GEO\2010\spatial\geo_2010_d_56000_100_00_py_z1-20110125163426.shp E:\code\Spatial\Connections\OPS$GEODATA_D2CS01.sde\GEO2010_BLOCK_P2G0_A TEST # #</Process><Process ToolSource="E:\Program Files (x86)\ArcGIS\Desktop10.0\ArcToolbox\Toolboxes\Data Management Tools.tbx\Append" Date="20151101" Time="234037">Append G:\load\en\GEO\2010\spatial\geo_2010_d_15000_100_00_py_z1-20110125163426.shp E:\code\Spatial\Connections\OPS$GEODATA_D2CS01.sde\GEO2010_BLOCK_P2G0_A TEST # #</Process><Process ToolSource="E:\Program Files (x86)\ArcGIS\Desktop10.0\ArcToolbox\Toolboxes\Data Management Tools.tbx\Append" Date="20151102" Time="003643">Append G:\load\en\GEO\2010\spatial\geo_2010_d_13000_100_00_py_z1-20110125163426.shp E:\code\Spatial\Connections\OPS$GEODATA_D2CS01.sde\GEO2010_BLOCK_P2G0_A TEST # #</Process><Process ToolSource="E:\Program Files (x86)\ArcGIS\Desktop10.0\ArcToolbox\Toolboxes\Data Management Tools.tbx\Append" Date="20151102" Time="011828">Append G:\load\en\GEO\2010\spatial\geo_2010_d_31000_100_00_py_z1-20110125163426.shp E:\code\Spatial\Connections\OPS$GEODATA_D2CS01.sde\GEO2010_BLOCK_P2G0_A TEST # #</Process><Process ToolSource="E:\Program Files (x86)\ArcGIS\Desktop10.0\ArcToolbox\Toolboxes\Data Management Tools.tbx\Append" Date="20151102" Time="022927">Append G:\load\en\GEO\2010\spatial\geo_2010_d_53000_100_00_py_z1-20110125163426.shp E:\code\Spatial\Connections\OPS$GEODATA_D2CS01.sde\GEO2010_BLOCK_P2G0_A TEST # #</Process><Process ToolSource="E:\Program Files (x86)\ArcGIS\Desktop10.0\ArcToolbox\Toolboxes\Data Management Tools.tbx\Append" Date="20151102" Time="030752">Append G:\load\en\GEO\2010\spatial\geo_2010_d_50000_100_00_py_z1-20110125163426.shp E:\code\Spatial\Connections\OPS$GEODATA_D2CS01.sde\GEO2010_BLOCK_P2G0_A TEST # #</Process><Process ToolSource="E:\Program Files (x86)\ArcGIS\Desktop10.0\ArcToolbox\Toolboxes\Data Management Tools.tbx\Append" Date="20151102" Time="034748">Append G:\load\en\GEO\2010\spatial\geo_2010_d_44000_100_00_py_z1-20110125163426.shp E:\code\Spatial\Connections\OPS$GEODATA_D2CS01.sde\GEO2010_BLOCK_P2G0_A TEST # #</Process><Process ToolSource="E:\Program Files (x86)\ArcGIS\Desktop10.0\ArcToolbox\Toolboxes\Data Management Tools.tbx\Append" Date="20151102" Time="043607">Append G:\load\en\GEO\2010\spatial\geo_2010_d_01000_100_00_py_z1-20110125163426.shp E:\code\Spatial\Connections\OPS$GEODATA_D2CS01.sde\GEO2010_BLOCK_P2G0_A TEST # #</Process><Process ToolSource="E:\Program Files (x86)\ArcGIS\Desktop10.0\ArcToolbox\Toolboxes\Data Management Tools.tbx\Append" Date="20151102" Time="051316">Append G:\load\en\GEO\2010\spatial\geo_2010_d_32000_100_00_py_z1-20110125163426.shp E:\code\Spatial\Connections\OPS$GEODATA_D2CS01.sde\GEO2010_BLOCK_P2G0_A TEST # #</Process><Process ToolSource="E:\Program Files (x86)\ArcGIS\Desktop10.0\ArcToolbox\Toolboxes\Data Management Tools.tbx\Append" Date="20151102" Time="060007">Append G:\load\en\GEO\2010\spatial\geo_2010_d_72000_100_00_py_z1-20110125163426.shp E:\code\Spatial\Connections\OPS$GEODATA_D2CS01.sde\GEO2010_BLOCK_P2G0_A TEST # #</Process><Process ToolSource="E:\Program Files (x86)\ArcGIS\Desktop10.0\ArcToolbox\Toolboxes\Data Management Tools.tbx\Append" Date="20151102" Time="063109">Append G:\load\en\GEO\2010\spatial\geo_2010_d_54000_100_00_py_z1-20110125163426.shp E:\code\Spatial\Connections\OPS$GEODATA_D2CS01.sde\GEO2010_BLOCK_P2G0_A TEST # #</Process><Process ToolSource="E:\Program Files (x86)\ArcGIS\Desktop10.0\ArcToolbox\Toolboxes\Data Management Tools.tbx\Append" Date="20151102" Time="072405">Append G:\load\en\GEO\2010\spatial\geo_2010_d_48000_100_00_py_z1-20110125163426.shp E:\code\Spatial\Connections\OPS$GEODATA_D2CS01.sde\GEO2010_BLOCK_P2G0_A TEST # #</Process><Process ToolSource="E:\Program Files (x86)\ArcGIS\Desktop10.0\ArcToolbox\Toolboxes\Data Management Tools.tbx\Append" Date="20151102" Time="075951">Append G:\load\en\GEO\2010\spatial\geo_2010_d_16000_100_00_py_z1-20110125163426.shp E:\code\Spatial\Connections\OPS$GEODATA_D2CS01.sde\GEO2010_BLOCK_P2G0_A TEST # #</Process><Process ToolSource="E:\Program Files (x86)\ArcGIS\Desktop10.0\ArcToolbox\Toolboxes\Data Management Tools.tbx\Append" Date="20151102" Time="083829">Append G:\load\en\GEO\2010\spatial\geo_2010_d_33000_100_00_py_z1-20110125163426.shp E:\code\Spatial\Connections\OPS$GEODATA_D2CS01.sde\GEO2010_BLOCK_P2G0_A TEST # #</Process><Process ToolSource="E:\Program Files (x86)\ArcGIS\Desktop10.0\ArcToolbox\Toolboxes\Data Management Tools.tbx\Append" Date="20151102" Time="091220">Append G:\load\en\GEO\2010\spatial\geo_2010_d_47000_100_00_py_z1-20110125163426.shp E:\code\Spatial\Connections\OPS$GEODATA_D2CS01.sde\GEO2010_BLOCK_P2G0_A TEST # #</Process><Process ToolSource="E:\Program Files (x86)\ArcGIS\Desktop10.0\ArcToolbox\Toolboxes\Data Management Tools.tbx\Append" Date="20151102" Time="094157">Append G:\load\en\GEO\2010\spatial\geo_2010_d_25000_100_00_py_z1-20110125163426.shp E:\code\Spatial\Connections\OPS$GEODATA_D2CS01.sde\GEO2010_BLOCK_P2G0_A TEST # #</Process><Process ToolSource="E:\Program Files (x86)\ArcGIS\Desktop10.0\ArcToolbox\Toolboxes\Data Management Tools.tbx\Append" Date="20151102" Time="101714">Append G:\load\en\GEO\2010\spatial\geo_2010_d_55000_100_00_py_z1-20110125163426.shp E:\code\Spatial\Connections\OPS$GEODATA_D2CS01.sde\GEO2010_BLOCK_P2G0_A TEST # #</Process><Process ToolSource="E:\Program Files (x86)\ArcGIS\Desktop10.0\ArcToolbox\Toolboxes\Data Management Tools.tbx\Append" Date="20151102" Time="105959">Append G:\load\en\GEO\2010\spatial\geo_2010_d_19000_100_00_py_z1-20110125163426.shp E:\code\Spatial\Connections\OPS$GEODATA_D2CS01.sde\GEO2010_BLOCK_P2G0_A TEST # #</Process><Process ToolSource="E:\Program Files (x86)\ArcGIS\Desktop10.0\ArcToolbox\Toolboxes\Data Management Tools.tbx\Append" Date="20151102" Time="113351">Append G:\load\en\GEO\2010\spatial\geo_2010_d_38000_100_00_py_z1-20110125163426.shp E:\code\Spatial\Connections\OPS$GEODATA_D2CS01.sde\GEO2010_BLOCK_P2G0_A TEST # #</Process><Process ToolSource="E:\Program Files (x86)\ArcGIS\Desktop10.0\ArcToolbox\Toolboxes\Data Management Tools.tbx\Append" Date="20151102" Time="121007">Append G:\load\en\GEO\2010\spatial\geo_2010_d_37000_100_00_py_z1-20110125163426.shp E:\code\Spatial\Connections\OPS$GEODATA_D2CS01.sde\GEO2010_BLOCK_P2G0_A TEST # #</Process><Process ToolSource="E:\Program Files (x86)\ArcGIS\Desktop10.0\ArcToolbox\Toolboxes\Data Management Tools.tbx\Append" Date="20151102" Time="124451">Append G:\load\en\GEO\2010\spatial\geo_2010_d_27000_100_00_py_z1-20110125163426.shp E:\code\Spatial\Connections\OPS$GEODATA_D2CS01.sde\GEO2010_BLOCK_P2G0_A TEST # #</Process><Process ToolSource="E:\Program Files (x86)\ArcGIS\Desktop10.0\ArcToolbox\Toolboxes\Data Management Tools.tbx\Append" Date="20151102" Time="135150">Append G:\load\en\GEO\2010\spatial\geo_2010_d_12000_100_00_py_z1-20110125163426.shp E:\code\Spatial\Connections\OPS$GEODATA_D2CS01.sde\GEO2010_BLOCK_P2G0_A TEST # #</Process><Process ToolSource="E:\Program Files (x86)\ArcGIS\Desktop10.0\ArcToolbox\Toolboxes\Data Management Tools.tbx\Append" Date="20151102" Time="145913">Append G:\load\en\GEO\2010\spatial\geo_2010_d_39000_100_00_py_z1-20110125163426.shp E:\code\Spatial\Connections\OPS$GEODATA_D2CS01.sde\GEO2010_BLOCK_P2G0_A TEST # #</Process><Process ToolSource="E:\Program Files (x86)\ArcGIS\Desktop10.0\ArcToolbox\Toolboxes\Data Management Tools.tbx\Append" Date="20151102" Time="152521">Append G:\load\en\GEO\2010\spatial\geo_2010_d_11000_100_00_py_z1-20110125163426.shp E:\code\Spatial\Connections\OPS$GEODATA_D2CS01.sde\GEO2010_BLOCK_P2G0_A TEST # #</Process><Process ToolSource="E:\Program Files (x86)\ArcGIS\Desktop10.0\ArcToolbox\Toolboxes\Data Management Tools.tbx\Append" Date="20151102" Time="155754">Append G:\load\en\GEO\2010\spatial\geo_2010_d_09000_100_00_py_z1-20110125163426.shp E:\code\Spatial\Connections\OPS$GEODATA_D2CS01.sde\GEO2010_BLOCK_P2G0_A TEST # #</Process><Process ToolSource="E:\Program Files (x86)\ArcGIS\Desktop10.0\ArcToolbox\Toolboxes\Data Management Tools.tbx\Append" Date="20151102" Time="165108">Append G:\load\en\GEO\2010\spatial\geo_2010_d_24000_100_00_py_z1-20110125163426.shp E:\code\Spatial\Connections\OPS$GEODATA_D2CS01.sde\GEO2010_BLOCK_P2G0_A TEST # #</Process><Process ToolSource="E:\Program Files (x86)\ArcGIS\Desktop10.0\ArcToolbox\Toolboxes\Data Management Tools.tbx\Append" Date="20151102" Time="172426">Append G:\load\en\GEO\2010\spatial\geo_2010_d_41000_100_00_py_z1-20110125163426.shp E:\code\Spatial\Connections\OPS$GEODATA_D2CS01.sde\GEO2010_BLOCK_P2G0_A TEST # #</Process><Process ToolSource="E:\Program Files (x86)\ArcGIS\Desktop10.0\ArcToolbox\Toolboxes\Data Management Tools.tbx\Append" Date="20151102" Time="180449">Append G:\load\en\GEO\2010\spatial\geo_2010_d_02000_100_00_py_z1-20110125163426.shp E:\code\Spatial\Connections\OPS$GEODATA_D2CS01.sde\GEO2010_BLOCK_P2G0_A TEST # #</Process><Process ToolSource="E:\Program Files (x86)\ArcGIS\Desktop10.0\ArcToolbox\Toolboxes\Data Management Tools.tbx\Append" Date="20151102" Time="184821">Append G:\load\en\GEO\2010\spatial\geo_2010_d_08000_100_00_py_z1-20110125163426.shp E:\code\Spatial\Connections\OPS$GEODATA_D2CS01.sde\GEO2010_BLOCK_P2G0_A TEST # #</Process><Process ToolSource="E:\Program Files (x86)\ArcGIS\Desktop10.0\ArcToolbox\Toolboxes\Data Management Tools.tbx\Append" Date="20151102" Time="192548">Append G:\load\en\GEO\2010\spatial\geo_2010_d_51000_100_00_py_z1-20110125163426.shp E:\code\Spatial\Connections\OPS$GEODATA_D2CS01.sde\GEO2010_BLOCK_P2G0_A TEST # #</Process><Process ToolSource="E:\Program Files (x86)\ArcGIS\Desktop10.0\ArcToolbox\Toolboxes\Data Management Tools.tbx\Append" Date="20151102" Time="200644">Append G:\load\en\GEO\2010\spatial\geo_2010_d_23000_100_00_py_z1-20110125163426.shp E:\code\Spatial\Connections\OPS$GEODATA_D2CS01.sde\GEO2010_BLOCK_P2G0_A TEST # #</Process><Process ToolSource="E:\Program Files (x86)\ArcGIS\Desktop10.0\ArcToolbox\Toolboxes\Data Management Tools.tbx\Append" Date="20151102" Time="205755">Append G:\load\en\GEO\2010\spatial\geo_2010_d_29000_100_00_py_z1-20110125163426.shp E:\code\Spatial\Connections\OPS$GEODATA_D2CS01.sde\GEO2010_BLOCK_P2G0_A TEST # #</Process><Process ToolSource="E:\Program Files (x86)\ArcGIS\Desktop10.0\ArcToolbox\Toolboxes\Data Management Tools.tbx\Append" Date="20151102" Time="214725">Append G:\load\en\GEO\2010\spatial\geo_2010_d_04000_100_00_py_z1-20110125163426.shp E:\code\Spatial\Connections\OPS$GEODATA_D2CS01.sde\GEO2010_BLOCK_P2G0_A TEST # #</Process><Process ToolSource="E:\Program Files (x86)\ArcGIS\Desktop10.0\ArcToolbox\Toolboxes\Data Management Tools.tbx\Append" Date="20151102" Time="223020">Append G:\load\en\GEO\2010\spatial\geo_2010_d_20000_100_00_py_z1-20110125163426.shp E:\code\Spatial\Connections\OPS$GEODATA_D2CS01.sde\GEO2010_BLOCK_P2G0_A TEST # #</Process><Process ToolSource="E:\Program Files (x86)\ArcGIS\Desktop10.0\ArcToolbox\Toolboxes\Data Management Tools.tbx\Append" Date="20151102" Time="231049">Append G:\load\en\GEO\2010\spatial\geo_2010_d_49000_100_00_py_z1-20110125163426.shp E:\code\Spatial\Connections\OPS$GEODATA_D2CS01.sde\GEO2010_BLOCK_P2G0_A TEST # #</Process><Process ToolSource="E:\Program Files (x86)\ArcGIS\Desktop10.0\ArcToolbox\Toolboxes\Data Management Tools.tbx\Append" Date="20151103" Time="002808">Append G:\load\en\GEO\2010\spatial\geo_2010_d_45000_100_00_py_z1-20110125163426.shp E:\code\Spatial\Connections\OPS$GEODATA_D2CS01.sde\GEO2010_BLOCK_P2G0_A TEST # #</Process><Process ToolSource="E:\Program Files (x86)\ArcGIS\Desktop10.0\ArcToolbox\Toolboxes\Data Management Tools.tbx\Append" Date="20151103" Time="014756">Append G:\load\en\GEO\2010\spatial\geo_2010_d_46000_100_00_py_z1-20110125163426.shp E:\code\Spatial\Connections\OPS$GEODATA_D2CS01.sde\GEO2010_BLOCK_P2G0_A TEST # #</Process><Process ToolSource="E:\Program Files (x86)\ArcGIS\Desktop10.0\ArcToolbox\Toolboxes\Data Management Tools.tbx\Append" Date="20151103" Time="032214">Append G:\load\en\GEO\2010\spatial\geo_2010_d_06000_100_00_py_z1-20110125163426.shp E:\code\Spatial\Connections\OPS$GEODATA_D2CS01.sde\GEO2010_BLOCK_P2G0_A TEST # #</Process><Process ToolSource="E:\Program Files (x86)\ArcGIS\Desktop10.0\ArcToolbox\Toolboxes\Data Management Tools.tbx\Append" Date="20151103" Time="042332">Append G:\load\en\GEO\2010\spatial\geo_2010_d_17000_100_00_py_z1-20110125163426.shp E:\code\Spatial\Connections\OPS$GEODATA_D2CS01.sde\GEO2010_BLOCK_P2G0_A TEST # #</Process><Process ToolSource="E:\Program Files (x86)\ArcGIS\Desktop10.0\ArcToolbox\Toolboxes\Data Management Tools.tbx\Append" Date="20151103" Time="051704">Append G:\load\en\GEO\2010\spatial\geo_2010_d_26000_100_00_py_z1-20110125163426.shp E:\code\Spatial\Connections\OPS$GEODATA_D2CS01.sde\GEO2010_BLOCK_P2G0_A TEST # #</Process><Process ToolSource="E:\Program Files (x86)\ArcGIS\Desktop10.0\ArcToolbox\Toolboxes\Data Management Tools.tbx\Append" Date="20151103" Time="060603">Append G:\load\en\GEO\2010\spatial\geo_2010_d_18000_100_00_py_z1-20110125163426.shp E:\code\Spatial\Connections\OPS$GEODATA_D2CS01.sde\GEO2010_BLOCK_P2G0_A TEST # #</Process><Process ToolSource="E:\Program Files (x86)\ArcGIS\Desktop10.0\ArcToolbox\Toolboxes\Data Management Tools.tbx\Append" Date="20151103" Time="065517">Append G:\load\en\GEO\2010\spatial\geo_2010_d_28000_100_00_py_z1-20110125163426.shp E:\code\Spatial\Connections\OPS$GEODATA_D2CS01.sde\GEO2010_BLOCK_P2G0_A TEST # #</Process><Process ToolSource="E:\Program Files (x86)\ArcGIS\Desktop10.0\ArcToolbox\Toolboxes\Data Management Tools.tbx\Append" Date="20151103" Time="074419">Append G:\load\en\GEO\2010\spatial\geo_2010_d_34000_100_00_py_z1-20110125163426.shp E:\code\Spatial\Connections\OPS$GEODATA_D2CS01.sde\GEO2010_BLOCK_P2G0_A TEST # #</Process><Process ToolSource="E:\Program Files (x86)\ArcGIS\Desktop10.0\ArcToolbox\Toolboxes\Data Management Tools.tbx\Append" Date="20151103" Time="082928">Append G:\load\en\GEO\2010\spatial\geo_2010_d_40000_100_00_py_z1-20110125163426.shp E:\code\Spatial\Connections\OPS$GEODATA_D2CS01.sde\GEO2010_BLOCK_P2G0_A TEST # #</Process><Process ToolSource="E:\Program Files (x86)\ArcGIS\Desktop10.0\ArcToolbox\Toolboxes\Data Management Tools.tbx\Append" Date="20151103" Time="090317">Append G:\load\en\GEO\2010\spatial\geo_2010_d_22000_100_00_py_z1-20110125163426.shp E:\code\Spatial\Connections\OPS$GEODATA_D2CS01.sde\GEO2010_BLOCK_P2G0_A TEST # #</Process><Process ToolSource="E:\Program Files (x86)\ArcGIS\Desktop10.0\ArcToolbox\Toolboxes\Data Management Tools.tbx\Append" Date="20151103" Time="093233">Append G:\load\en\GEO\2010\spatial\geo_2010_d_10000_100_00_py_z1-20110125163426.shp E:\code\Spatial\Connections\OPS$GEODATA_D2CS01.sde\GEO2010_BLOCK_P2G0_A TEST # #</Process><Process ToolSource="E:\Program Files (x86)\ArcGIS\Desktop10.0\ArcToolbox\Toolboxes\Data Management Tools.tbx\Append" Date="20151103" Time="101714">Append G:\load\en\GEO\2010\spatial\geo_2010_d_21000_100_00_py_z1-20110125163426.shp E:\code\Spatial\Connections\OPS$GEODATA_D2CS01.sde\GEO2010_BLOCK_P2G0_A TEST # #</Process><Process ToolSource="E:\Program Files (x86)\ArcGIS\Desktop10.0\ArcToolbox\Toolboxes\Data Management Tools.tbx\Append" Date="20151103" Time="111240">Append G:\load\en\GEO\2010\spatial\geo_2010_d_36000_100_00_py_z1-20110215163638.shp E:\code\Spatial\Connections\OPS$GEODATA_D2CS01.sde\GEO2010_BLOCK_P2G0_A TEST # #</Process><Process ToolSource="E:\Program Files (x86)\ArcGIS\Desktop10.0\ArcToolbox\Toolboxes\Data Management Tools.tbx\Append" Date="20151103" Time="180756">Append G:\load\en\GEO\2010\spatial\geo_2010_d_60000_100_00_py_z1-20120214084819.shp E:\code\Spatial\Connections\OPS$GEODATA_D2CS01.sde\GEO2010_BLOCK_P2G0_A TEST # #</Process><Process ToolSource="E:\Program Files (x86)\ArcGIS\Desktop10.0\ArcToolbox\Toolboxes\Data Management Tools.tbx\Append" Date="20151103" Time="183538">Append G:\load\en\GEO\2010\spatial\geo_2010_d_66000_100_00_py_z1-20120227123108.shp E:\code\Spatial\Connections\OPS$GEODATA_D2CS01.sde\GEO2010_BLOCK_P2G0_A TEST # #</Process><Process ToolSource="E:\Program Files (x86)\ArcGIS\Desktop10.0\ArcToolbox\Toolboxes\Data Management Tools.tbx\Append" Date="20151103" Time="190833">Append G:\load\en\GEO\2010\spatial\geo_2010_d_69000_100_00_py_z1-20120227123108.shp E:\code\Spatial\Connections\OPS$GEODATA_D2CS01.sde\GEO2010_BLOCK_P2G0_A TEST # #</Process><Process ToolSource="E:\Program Files (x86)\ArcGIS\Desktop10.0\ArcToolbox\Toolboxes\Data Management Tools.tbx\Append" Date="20151103" Time="193634">Append G:\load\en\GEO\2010\spatial\geo_2010_d_78000_100_00_py_z1-20120227123108.shp E:\code\Spatial\Connections\OPS$GEODATA_D2CS01.sde\GEO2010_BLOCK_P2G0_A TEST # #</Process><Process ToolSource="e:\program files (x86)\arcgis\desktop10.3\ArcToolbox\Toolboxes\Data Management Tools.tbx\Append" Date="20170707" Time="121406">Append G:\\load\\en\\GEO\\2010\\spatial\geo_2010_d_05000_100_00_py_z1-20110125163426.shp E:\code\Spatial\Connections\OPS$GEODATA_D2CS01.sde\GEO2010_BLOCK_P2G0_A TEST # #</Process><Process ToolSource="e:\program files (x86)\arcgis\desktop10.3\ArcToolbox\Toolboxes\Data Management Tools.tbx\Append" Date="20170707" Time="125951">Append G:\\load\\en\\GEO\\2010\\spatial\geo_2010_d_30000_100_00_py_z1-20110125163426.shp E:\code\Spatial\Connections\OPS$GEODATA_D2CS01.sde\GEO2010_BLOCK_P2G0_A TEST # #</Process><Process ToolSource="e:\program files (x86)\arcgis\desktop10.3\ArcToolbox\Toolboxes\Data Management Tools.tbx\Append" Date="20170707" Time="134113">Append G:\\load\\en\\GEO\\2010\\spatial\geo_2010_d_35000_100_00_py_z1-20110125163426.shp E:\code\Spatial\Connections\OPS$GEODATA_D2CS01.sde\GEO2010_BLOCK_P2G0_A TEST # #</Process><Process ToolSource="e:\program files (x86)\arcgis\desktop10.3\ArcToolbox\Toolboxes\Data Management Tools.tbx\Append" Date="20170707" Time="142322">Append G:\\load\\en\\GEO\\2010\\spatial\geo_2010_d_42000_100_00_py_z1-20110125163426.shp E:\code\Spatial\Connections\OPS$GEODATA_D2CS01.sde\GEO2010_BLOCK_P2G0_A TEST # #</Process><Process ToolSource="e:\program files (x86)\arcgis\desktop10.3\ArcToolbox\Toolboxes\Data Management Tools.tbx\Append" Date="20170707" Time="153258">Append G:\\load\\en\\GEO\\2010\\spatial\geo_2010_d_56000_100_00_py_z1-20110125163426.shp E:\code\Spatial\Connections\OPS$GEODATA_D2CS01.sde\GEO2010_BLOCK_P2G0_A TEST # #</Process><Process ToolSource="e:\program files (x86)\arcgis\desktop10.3\ArcToolbox\Toolboxes\Data Management Tools.tbx\Append" Date="20170707" Time="160448">Append G:\\load\\en\\GEO\\2010\\spatial\geo_2010_d_15000_100_00_py_z1-20110125163426.shp E:\code\Spatial\Connections\OPS$GEODATA_D2CS01.sde\GEO2010_BLOCK_P2G0_A TEST # #</Process><Process ToolSource="e:\program files (x86)\arcgis\desktop10.3\ArcToolbox\Toolboxes\Data Management Tools.tbx\Append" Date="20170707" Time="165333">Append G:\\load\\en\\GEO\\2010\\spatial\geo_2010_d_13000_100_00_py_z1-20110125163426.shp E:\code\Spatial\Connections\OPS$GEODATA_D2CS01.sde\GEO2010_BLOCK_P2G0_A TEST # #</Process><Process ToolSource="e:\program files (x86)\arcgis\desktop10.3\ArcToolbox\Toolboxes\Data Management Tools.tbx\Append" Date="20170707" Time="172733">Append G:\\load\\en\\GEO\\2010\\spatial\geo_2010_d_31000_100_00_py_z1-20110125163426.shp E:\code\Spatial\Connections\OPS$GEODATA_D2CS01.sde\GEO2010_BLOCK_P2G0_A TEST # #</Process><Process ToolSource="e:\program files (x86)\arcgis\desktop10.3\ArcToolbox\Toolboxes\Data Management Tools.tbx\Append" Date="20170707" Time="183914">Append G:\\load\\en\\GEO\\2010\\spatial\geo_2010_d_53000_100_00_py_z1-20110125163426.shp E:\code\Spatial\Connections\OPS$GEODATA_D2CS01.sde\GEO2010_BLOCK_P2G0_A TEST # #</Process><Process ToolSource="e:\program files (x86)\arcgis\desktop10.3\ArcToolbox\Toolboxes\Data Management Tools.tbx\Append" Date="20170707" Time="191011">Append G:\\load\\en\\GEO\\2010\\spatial\geo_2010_d_50000_100_00_py_z1-20110125163426.shp E:\code\Spatial\Connections\OPS$GEODATA_D2CS01.sde\GEO2010_BLOCK_P2G0_A TEST # #</Process><Process ToolSource="e:\program files (x86)\arcgis\desktop10.3\ArcToolbox\Toolboxes\Data Management Tools.tbx\Append" Date="20170707" Time="203105">Append G:\\load\\en\\GEO\\2010\\spatial\geo_2010_d_44000_100_00_py_z1-20110125163426.shp E:\code\Spatial\Connections\OPS$GEODATA_D2CS01.sde\GEO2010_BLOCK_P2G0_A TEST # #</Process><Process ToolSource="e:\program files (x86)\arcgis\desktop10.3\ArcToolbox\Toolboxes\Data Management Tools.tbx\Append" Date="20170707" Time="211504">Append G:\\load\\en\\GEO\\2010\\spatial\geo_2010_d_01000_100_00_py_z1-20110125163426.shp E:\code\Spatial\Connections\OPS$GEODATA_D2CS01.sde\GEO2010_BLOCK_P2G0_A TEST # #</Process><Process ToolSource="e:\program files (x86)\arcgis\desktop10.3\ArcToolbox\Toolboxes\Data Management Tools.tbx\Append" Date="20170707" Time="214103">Append G:\\load\\en\\GEO\\2010\\spatial\geo_2010_d_32000_100_00_py_z1-20110125163426.shp E:\code\Spatial\Connections\OPS$GEODATA_D2CS01.sde\GEO2010_BLOCK_P2G0_A TEST # #</Process><Process ToolSource="e:\program files (x86)\arcgis\desktop10.3\ArcToolbox\Toolboxes\Data Management Tools.tbx\Append" Date="20170707" Time="224016">Append G:\\load\\en\\GEO\\2010\\spatial\geo_2010_d_72000_100_00_py_z1-20110125163426.shp E:\code\Spatial\Connections\OPS$GEODATA_D2CS01.sde\GEO2010_BLOCK_P2G0_A TEST # #</Process><Process ToolSource="e:\program files (x86)\arcgis\desktop10.3\ArcToolbox\Toolboxes\Data Management Tools.tbx\Append" Date="20170707" Time="231411">Append G:\\load\\en\\GEO\\2010\\spatial\geo_2010_d_54000_100_00_py_z1-20110125163426.shp E:\code\Spatial\Connections\OPS$GEODATA_D2CS01.sde\GEO2010_BLOCK_P2G0_A TEST # #</Process><Process ToolSource="e:\program files (x86)\arcgis\desktop10.3\ArcToolbox\Toolboxes\Data Management Tools.tbx\Append" Date="20170708" Time="001526">Append G:\\load\\en\\GEO\\2010\\spatial\geo_2010_d_48000_100_00_py_z1-20110125163426.shp E:\code\Spatial\Connections\OPS$GEODATA_D2CS01.sde\GEO2010_BLOCK_P2G0_A TEST # #</Process><Process ToolSource="e:\program files (x86)\arcgis\desktop10.3\ArcToolbox\Toolboxes\Data Management Tools.tbx\Append" Date="20170708" Time="005837">Append G:\\load\\en\\GEO\\2010\\spatial\geo_2010_d_16000_100_00_py_z1-20110125163426.shp E:\code\Spatial\Connections\OPS$GEODATA_D2CS01.sde\GEO2010_BLOCK_P2G0_A TEST # #</Process><Process ToolSource="e:\program files (x86)\arcgis\desktop10.3\ArcToolbox\Toolboxes\Data Management Tools.tbx\Append" Date="20170708" Time="015102">Append G:\\load\\en\\GEO\\2010\\spatial\geo_2010_d_33000_100_00_py_z1-20110125163426.shp E:\code\Spatial\Connections\OPS$GEODATA_D2CS01.sde\GEO2010_BLOCK_P2G0_A TEST # #</Process><Process ToolSource="e:\program files (x86)\arcgis\desktop10.3\ArcToolbox\Toolboxes\Data Management Tools.tbx\Append" Date="20170708" Time="022747">Append G:\\load\\en\\GEO\\2010\\spatial\geo_2010_d_47000_100_00_py_z1-20110125163426.shp E:\code\Spatial\Connections\OPS$GEODATA_D2CS01.sde\GEO2010_BLOCK_P2G0_A TEST # #</Process><Process ToolSource="e:\program files (x86)\arcgis\desktop10.3\ArcToolbox\Toolboxes\Data Management Tools.tbx\Append" Date="20170708" Time="025552">Append G:\\load\\en\\GEO\\2010\\spatial\geo_2010_d_25000_100_00_py_z1-20110125163426.shp E:\code\Spatial\Connections\OPS$GEODATA_D2CS01.sde\GEO2010_BLOCK_P2G0_A TEST # #</Process><Process ToolSource="e:\program files (x86)\arcgis\desktop10.3\ArcToolbox\Toolboxes\Data Management Tools.tbx\Append" Date="20170708" Time="032942">Append G:\\load\\en\\GEO\\2010\\spatial\geo_2010_d_55000_100_00_py_z1-20110125163426.shp E:\code\Spatial\Connections\OPS$GEODATA_D2CS01.sde\GEO2010_BLOCK_P2G0_A TEST # #</Process><Process ToolSource="e:\program files (x86)\arcgis\desktop10.3\ArcToolbox\Toolboxes\Data Management Tools.tbx\Append" Date="20170708" Time="035855">Append G:\\load\\en\\GEO\\2010\\spatial\geo_2010_d_19000_100_00_py_z1-20110125163426.shp E:\code\Spatial\Connections\OPS$GEODATA_D2CS01.sde\GEO2010_BLOCK_P2G0_A TEST # #</Process><Process ToolSource="e:\program files (x86)\arcgis\desktop10.3\ArcToolbox\Toolboxes\Data Management Tools.tbx\Append" Date="20170708" Time="042828">Append G:\\load\\en\\GEO\\2010\\spatial\geo_2010_d_38000_100_00_py_z1-20110125163426.shp E:\code\Spatial\Connections\OPS$GEODATA_D2CS01.sde\GEO2010_BLOCK_P2G0_A TEST # #</Process><Process ToolSource="e:\program files (x86)\arcgis\desktop10.3\ArcToolbox\Toolboxes\Data Management Tools.tbx\Append" Date="20170708" Time="045944">Append G:\\load\\en\\GEO\\2010\\spatial\geo_2010_d_37000_100_00_py_z1-20110125163426.shp E:\code\Spatial\Connections\OPS$GEODATA_D2CS01.sde\GEO2010_BLOCK_P2G0_A TEST # #</Process><Process ToolSource="e:\program files (x86)\arcgis\desktop10.3\ArcToolbox\Toolboxes\Data Management Tools.tbx\Append" Date="20170708" Time="053446">Append G:\\load\\en\\GEO\\2010\\spatial\geo_2010_d_27000_100_00_py_z1-20110125163426.shp E:\code\Spatial\Connections\OPS$GEODATA_D2CS01.sde\GEO2010_BLOCK_P2G0_A TEST # #</Process><Process ToolSource="e:\program files (x86)\arcgis\desktop10.3\ArcToolbox\Toolboxes\Data Management Tools.tbx\Append" Date="20170708" Time="071944">Append G:\\load\\en\\GEO\\2010\\spatial\geo_2010_d_12000_100_00_py_z1-20110125163426.shp E:\code\Spatial\Connections\OPS$GEODATA_D2CS01.sde\GEO2010_BLOCK_P2G0_A TEST # #</Process><Process ToolSource="e:\program files (x86)\arcgis\desktop10.3\ArcToolbox\Toolboxes\Data Management Tools.tbx\Append" Date="20170708" Time="085444">Append G:\\load\\en\\GEO\\2010\\spatial\geo_2010_d_39000_100_00_py_z1-20110125163426.shp E:\code\Spatial\Connections\OPS$GEODATA_D2CS01.sde\GEO2010_BLOCK_P2G0_A TEST # #</Process><Process ToolSource="e:\program files (x86)\arcgis\desktop10.3\ArcToolbox\Toolboxes\Data Management Tools.tbx\Append" Date="20170708" Time="092149">Append G:\\load\\en\\GEO\\2010\\spatial\geo_2010_d_11000_100_00_py_z1-20110125163426.shp E:\code\Spatial\Connections\OPS$GEODATA_D2CS01.sde\GEO2010_BLOCK_P2G0_A TEST # #</Process><Process ToolSource="e:\program files (x86)\arcgis\desktop10.3\ArcToolbox\Toolboxes\Data Management Tools.tbx\Append" Date="20170708" Time="095526">Append G:\\load\\en\\GEO\\2010\\spatial\geo_2010_d_09000_100_00_py_z1-20110125163426.shp E:\code\Spatial\Connections\OPS$GEODATA_D2CS01.sde\GEO2010_BLOCK_P2G0_A TEST # #</Process><Process ToolSource="e:\program files (x86)\arcgis\desktop10.3\ArcToolbox\Toolboxes\Data Management Tools.tbx\Append" Date="20170708" Time="110756">Append G:\\load\\en\\GEO\\2010\\spatial\geo_2010_d_24000_100_00_py_z1-20110125163426.shp E:\code\Spatial\Connections\OPS$GEODATA_D2CS01.sde\GEO2010_BLOCK_P2G0_A TEST # #</Process><Process ToolSource="e:\program files (x86)\arcgis\desktop10.3\ArcToolbox\Toolboxes\Data Management Tools.tbx\Append" Date="20170708" Time="114219">Append G:\\load\\en\\GEO\\2010\\spatial\geo_2010_d_41000_100_00_py_z1-20110125163426.shp E:\code\Spatial\Connections\OPS$GEODATA_D2CS01.sde\GEO2010_BLOCK_P2G0_A TEST # #</Process><Process ToolSource="e:\program files (x86)\arcgis\desktop10.3\ArcToolbox\Toolboxes\Data Management Tools.tbx\Append" Date="20170708" Time="122741">Append G:\\load\\en\\GEO\\2010\\spatial\geo_2010_d_02000_100_00_py_z1-20110125163426.shp E:\code\Spatial\Connections\OPS$GEODATA_D2CS01.sde\GEO2010_BLOCK_P2G0_A TEST # #</Process><Process ToolSource="e:\program files (x86)\arcgis\desktop10.3\ArcToolbox\Toolboxes\Data Management Tools.tbx\Append" Date="20170708" Time="131608">Append G:\\load\\en\\GEO\\2010\\spatial\geo_2010_d_08000_100_00_py_z1-20110125163426.shp E:\code\Spatial\Connections\OPS$GEODATA_D2CS01.sde\GEO2010_BLOCK_P2G0_A TEST # #</Process><Process ToolSource="e:\program files (x86)\arcgis\desktop10.3\ArcToolbox\Toolboxes\Data Management Tools.tbx\Append" Date="20170708" Time="135229">Append G:\\load\\en\\GEO\\2010\\spatial\geo_2010_d_51000_100_00_py_z1-20110125163426.shp E:\code\Spatial\Connections\OPS$GEODATA_D2CS01.sde\GEO2010_BLOCK_P2G0_A TEST # #</Process><Process ToolSource="e:\program files (x86)\arcgis\desktop10.3\ArcToolbox\Toolboxes\Data Management Tools.tbx\Append" Date="20170708" Time="142437">Append G:\\load\\en\\GEO\\2010\\spatial\geo_2010_d_23000_100_00_py_z1-20110125163426.shp E:\code\Spatial\Connections\OPS$GEODATA_D2CS01.sde\GEO2010_BLOCK_P2G0_A TEST # #</Process><Process ToolSource="e:\program files (x86)\arcgis\desktop10.3\ArcToolbox\Toolboxes\Data Management Tools.tbx\Append" Date="20170708" Time="150113">Append G:\\load\\en\\GEO\\2010\\spatial\geo_2010_d_29000_100_00_py_z1-20110125163426.shp E:\code\Spatial\Connections\OPS$GEODATA_D2CS01.sde\GEO2010_BLOCK_P2G0_A TEST # #</Process><Process ToolSource="e:\program files (x86)\arcgis\desktop10.3\ArcToolbox\Toolboxes\Data Management Tools.tbx\Append" Date="20170708" Time="153928">Append G:\\load\\en\\GEO\\2010\\spatial\geo_2010_d_04000_100_00_py_z1-20110125163426.shp E:\code\Spatial\Connections\OPS$GEODATA_D2CS01.sde\GEO2010_BLOCK_P2G0_A TEST # #</Process><Process ToolSource="e:\program files (x86)\arcgis\desktop10.3\ArcToolbox\Toolboxes\Data Management Tools.tbx\Append" Date="20170708" Time="161237">Append G:\\load\\en\\GEO\\2010\\spatial\geo_2010_d_20000_100_00_py_z1-20110125163426.shp E:\code\Spatial\Connections\OPS$GEODATA_D2CS01.sde\GEO2010_BLOCK_P2G0_A TEST # #</Process><Process ToolSource="e:\program files (x86)\arcgis\desktop10.3\ArcToolbox\Toolboxes\Data Management Tools.tbx\Append" Date="20170708" Time="164054">Append G:\\load\\en\\GEO\\2010\\spatial\geo_2010_d_49000_100_00_py_z1-20110125163426.shp E:\code\Spatial\Connections\OPS$GEODATA_D2CS01.sde\GEO2010_BLOCK_P2G0_A TEST # #</Process><Process ToolSource="e:\program files (x86)\arcgis\desktop10.3\ArcToolbox\Toolboxes\Data Management Tools.tbx\Append" Date="20170708" Time="171046">Append G:\\load\\en\\GEO\\2010\\spatial\geo_2010_d_45000_100_00_py_z1-20110125163426.shp E:\code\Spatial\Connections\OPS$GEODATA_D2CS01.sde\GEO2010_BLOCK_P2G0_A TEST # #</Process><Process ToolSource="e:\program files (x86)\arcgis\desktop10.3\ArcToolbox\Toolboxes\Data Management Tools.tbx\Append" Date="20170708" Time="174646">Append G:\\load\\en\\GEO\\2010\\spatial\geo_2010_d_46000_100_00_py_z1-20110125163426.shp E:\code\Spatial\Connections\OPS$GEODATA_D2CS01.sde\GEO2010_BLOCK_P2G0_A TEST # #</Process><Process ToolSource="e:\program files (x86)\arcgis\desktop10.3\ArcToolbox\Toolboxes\Data Management Tools.tbx\Append" Date="20170708" Time="190840">Append G:\\load\\en\\GEO\\2010\\spatial\geo_2010_d_06000_100_00_py_z1-20110125163426.shp E:\code\Spatial\Connections\OPS$GEODATA_D2CS01.sde\GEO2010_BLOCK_P2G0_A TEST # #</Process><Process ToolSource="e:\program files (x86)\arcgis\desktop10.3\ArcToolbox\Toolboxes\Data Management Tools.tbx\Append" Date="20170708" Time="200042">Append G:\\load\\en\\GEO\\2010\\spatial\geo_2010_d_17000_100_00_py_z1-20110125163426.shp E:\code\Spatial\Connections\OPS$GEODATA_D2CS01.sde\GEO2010_BLOCK_P2G0_A TEST # #</Process><Process ToolSource="e:\program files (x86)\arcgis\desktop10.3\ArcToolbox\Toolboxes\Data Management Tools.tbx\Append" Date="20170708" Time="204141">Append G:\\load\\en\\GEO\\2010\\spatial\geo_2010_d_26000_100_00_py_z1-20110125163426.shp E:\code\Spatial\Connections\OPS$GEODATA_D2CS01.sde\GEO2010_BLOCK_P2G0_A TEST # #</Process><Process ToolSource="e:\program files (x86)\arcgis\desktop10.3\ArcToolbox\Toolboxes\Data Management Tools.tbx\Append" Date="20170708" Time="212133">Append G:\\load\\en\\GEO\\2010\\spatial\geo_2010_d_18000_100_00_py_z1-20110125163426.shp E:\code\Spatial\Connections\OPS$GEODATA_D2CS01.sde\GEO2010_BLOCK_P2G0_A TEST # #</Process><Process ToolSource="e:\program files (x86)\arcgis\desktop10.3\ArcToolbox\Toolboxes\Data Management Tools.tbx\Append" Date="20170708" Time="220952">Append G:\\load\\en\\GEO\\2010\\spatial\geo_2010_d_28000_100_00_py_z1-20110125163426.shp E:\code\Spatial\Connections\OPS$GEODATA_D2CS01.sde\GEO2010_BLOCK_P2G0_A TEST # #</Process><Process ToolSource="e:\program files (x86)\arcgis\desktop10.3\ArcToolbox\Toolboxes\Data Management Tools.tbx\Append" Date="20170708" Time="231017">Append G:\\load\\en\\GEO\\2010\\spatial\geo_2010_d_34000_100_00_py_z1-20110125163426.shp E:\code\Spatial\Connections\OPS$GEODATA_D2CS01.sde\GEO2010_BLOCK_P2G0_A TEST # #</Process><Process ToolSource="e:\program files (x86)\arcgis\desktop10.3\ArcToolbox\Toolboxes\Data Management Tools.tbx\Append" Date="20170708" Time="235759">Append G:\\load\\en\\GEO\\2010\\spatial\geo_2010_d_40000_100_00_py_z1-20110125163426.shp E:\code\Spatial\Connections\OPS$GEODATA_D2CS01.sde\GEO2010_BLOCK_P2G0_A TEST # #</Process><Process ToolSource="e:\program files (x86)\arcgis\desktop10.3\ArcToolbox\Toolboxes\Data Management Tools.tbx\Append" Date="20170709" Time="003330">Append G:\\load\\en\\GEO\\2010\\spatial\geo_2010_d_22000_100_00_py_z1-20110125163426.shp E:\code\Spatial\Connections\OPS$GEODATA_D2CS01.sde\GEO2010_BLOCK_P2G0_A TEST # #</Process><Process ToolSource="e:\program files (x86)\arcgis\desktop10.3\ArcToolbox\Toolboxes\Data Management Tools.tbx\Append" Date="20170709" Time="010210">Append G:\\load\\en\\GEO\\2010\\spatial\geo_2010_d_10000_100_00_py_z1-20110125163426.shp E:\code\Spatial\Connections\OPS$GEODATA_D2CS01.sde\GEO2010_BLOCK_P2G0_A TEST # #</Process><Process ToolSource="e:\program files (x86)\arcgis\desktop10.3\ArcToolbox\Toolboxes\Data Management Tools.tbx\Append" Date="20170709" Time="015441">Append G:\\load\\en\\GEO\\2010\\spatial\geo_2010_d_21000_100_00_py_z1-20110125163426.shp E:\code\Spatial\Connections\OPS$GEODATA_D2CS01.sde\GEO2010_BLOCK_P2G0_A TEST # #</Process><Process ToolSource="e:\program files (x86)\arcgis\desktop10.3\ArcToolbox\Toolboxes\Data Management Tools.tbx\Append" Date="20170709" Time="023555">Append G:\\load\\en\\GEO\\2010\\spatial\geo_2010_d_36000_100_00_py_z1-20110215163638.shp E:\code\Spatial\Connections\OPS$GEODATA_D2CS01.sde\GEO2010_BLOCK_P2G0_A TEST # #</Process><Process ToolSource="e:\program files (x86)\arcgis\desktop10.3\ArcToolbox\Toolboxes\Data Management Tools.tbx\Append" Date="20170709" Time="141301">Append G:\\load\\en\\GEO\\2010\\spatial\geo_2010_d_60000_100_00_py_z1-20120214084819.shp E:\code\Spatial\Connections\OPS$GEODATA_D2CS01.sde\GEO2010_BLOCK_P2G0_A TEST # #</Process><Process ToolSource="e:\program files (x86)\arcgis\desktop10.3\ArcToolbox\Toolboxes\Data Management Tools.tbx\Append" Date="20170709" Time="143934">Append G:\\load\\en\\GEO\\2010\\spatial\geo_2010_d_66000_100_00_py_z1-20120227123108.shp E:\code\Spatial\Connections\OPS$GEODATA_D2CS01.sde\GEO2010_BLOCK_P2G0_A TEST # #</Process><Process ToolSource="e:\program files (x86)\arcgis\desktop10.3\ArcToolbox\Toolboxes\Data Management Tools.tbx\Append" Date="20170709" Time="151558">Append G:\\load\\en\\GEO\\2010\\spatial\geo_2010_d_69000_100_00_py_z1-20120227123108.shp E:\code\Spatial\Connections\OPS$GEODATA_D2CS01.sde\GEO2010_BLOCK_P2G0_A TEST # #</Process><Process ToolSource="e:\program files (x86)\arcgis\desktop10.3\ArcToolbox\Toolboxes\Data Management Tools.tbx\Append" Date="20170709" Time="153937">Append G:\\load\\en\\GEO\\2010\\spatial\geo_2010_d_78000_100_00_py_z1-20120227123108.shp E:\code\Spatial\Connections\OPS$GEODATA_D2CS01.sde\GEO2010_BLOCK_P2G0_A TEST # #</Process><Process ToolSource="e:\program files (x86)\arcgis\desktop10.3\ArcToolbox\Toolboxes\Data Management Tools.tbx\RemoveSpatialIndex" Date="20170710" Time="121232">RemoveSpatialIndex E:\code\Spatial\Connections\OPS$GEODATA_D2CS01.sde\GEO2010_BLOCK_P2G0_A</Process><Process ToolSource="e:\program files (x86)\arcgis\desktop10.3\ArcToolbox\Toolboxes\Data Management Tools.tbx\AddSpatialIndex" Date="20170710" Time="123026">AddSpatialIndex E:\code\Spatial\Connections\OPS$GEODATA_D2CS01.sde\GEO2010_BLOCK_P2G0_A 5600 492800 0</Process><Process ToolSource="e:\program files (x86)\arcgis\desktop10.3\ArcToolbox\Toolboxes\Data Management Tools.tbx\RemoveSpatialIndex" Date="20170714" Time="122001">RemoveSpatialIndex E:\code\Spatial\Connections\OPS$GEODATA_D2CS01.sde\GEO2010_BLOCK_P2G0_A</Process><Process ToolSource="e:\program files (x86)\arcgis\desktop10.3\ArcToolbox\Toolboxes\Data Management Tools.tbx\AddSpatialIndex" Date="20170714" Time="123813">AddSpatialIndex E:\code\Spatial\Connections\OPS$GEODATA_D2CS01.sde\GEO2010_BLOCK_P2G0_A 5600 492800 0</Process><Process ToolSource="e:\program files (x86)\arcgis\desktop10.3\ArcToolbox\Toolboxes\Data Management Tools.tbx\RemoveSpatialIndex" Date="20170801" Time="152419">RemoveSpatialIndex E:\code\Spatial\Connections\OPS$GEODATA_D2CS01.sde\GEO2010_BLOCK_P2G0_A</Process><Process ToolSource="e:\program files (x86)\arcgis\desktop10.3\ArcToolbox\Toolboxes\Data Management Tools.tbx\AddSpatialIndex" Date="20170801" Time="154205">AddSpatialIndex E:\code\Spatial\Connections\OPS$GEODATA_D2CS01.sde\GEO2010_BLOCK_P2G0_A 5600 492800 0</Process></lineage><itemProps><itemName Sync="TRUE">EUS0</itemName><imsContentType Sync="TRUE">002</imsContentType><itemSize Sync="TRUE">0.000</itemSize><itemLocation><linkage Sync="TRUE">file://\\DADSB303\E\arcgisserver\directories\arcgisjobs\shapedownload_gpserver\j175f744bf8c5445990763c72ef085057\scratch\EUS0.shp</linkage><protocol Sync="TRUE">Local Area Network</protocol></itemLocation></itemProps><coordRef><type Sync="TRUE">Projected</type><geogcsn Sync="TRUE">GCS_WGS_1984</geogcsn><csUnits Sync="TRUE">Linear Unit: Meter (1.000000)</csUnits><projcsn Sync="TRUE">WGS_1984_Web_Mercator_Auxiliary_Sphere</projcsn><peXml Sync="TRUE">&lt;ProjectedCoordinateSystem xsi:type='typens:ProjectedCoordinateSystem' xmlns:xsi='http://www.w3.org/2001/XMLSchema-instance' xmlns:xs='http://www.w3.org/2001/XMLSchema' xmlns:typens='http://www.esri.com/schemas/ArcGIS/10.5'&gt;&lt;WKT&gt;PROJCS[&amp;quot;WGS_1984_Web_Mercator_Auxiliary_Sphere&amp;quot;,GEOGCS[&amp;quot;GCS_WGS_1984&amp;quot;,DATUM[&amp;quot;D_WGS_1984&amp;quot;,SPHEROID[&amp;quot;WGS_1984&amp;quot;,6378137.0,298.257223563]],PRIMEM[&amp;quot;Greenwich&amp;quot;,0.0],UNIT[&amp;quot;Degree&amp;quot;,0.0174532925199433]],PROJECTION[&amp;quot;Mercator_Auxiliary_Sphere&amp;quot;],PARAMETER[&amp;quot;False_Easting&amp;quot;,0.0],PARAMETER[&amp;quot;False_Northing&amp;quot;,0.0],PARAMETER[&amp;quot;Central_Meridian&amp;quot;,0.0],PARAMETER[&amp;quot;Standard_Parallel_1&amp;quot;,0.0],PARAMETER[&amp;quot;Auxiliary_Sphere_Type&amp;quot;,0.0],UNIT[&amp;quot;Meter&amp;quot;,1.0],AUTHORITY[&amp;quot;EPSG&amp;quot;,3857]]&lt;/WKT&gt;&lt;XOrigin&gt;-20037700&lt;/XOrigin&gt;&lt;YOrigin&gt;-30241100&lt;/YOrigin&gt;&lt;XYScale&gt;148923141.92838538&lt;/XYScale&gt;&lt;ZOrigin&gt;-100000&lt;/ZOrigin&gt;&lt;ZScale&gt;10000&lt;/ZScale&gt;&lt;MOrigin&gt;-100000&lt;/MOrigin&gt;&lt;MScale&gt;10000&lt;/MScale&gt;&lt;XYTolerance&gt;0.001&lt;/XYTolerance&gt;&lt;ZTolerance&gt;0.001&lt;/ZTolerance&gt;&lt;MTolerance&gt;0.001&lt;/MTolerance&gt;&lt;HighPrecision&gt;true&lt;/HighPrecision&gt;&lt;WKID&gt;102100&lt;/WKID&gt;&lt;LatestWKID&gt;3857&lt;/LatestWKID&gt;&lt;/ProjectedCoordinateSystem&gt;</peXml></coordRef></DataProperties><SyncDate>20190306</SyncDate><SyncTime>11351100</SyncTime><ModDate>20190306</ModDate><ModTime>11351100</ModTime></Esri><dataIdInfo><envirDesc Sync="TRUE">Microsoft Windows Server 2008 R2 Version 6.1 (Build 7601) Service Pack 1; Esri ArcGIS 10.5.1.7333</envirDesc><dataLang><languageCode value="eng" Sync="TRUE"></languageCode><countryCode value="USA" Sync="TRUE"></countryCode></dataLang><idCitation><resTitle Sync="TRUE">EUS0</resTitle><presForm><PresFormCd value="005" Sync="TRUE"></PresFormCd></presForm></idCitation><spatRpType><SpatRepTypCd value="001" Sync="TRUE"></SpatRepTypCd></spatRpType></dataIdInfo><mdLang><languageCode value="eng" Sync="TRUE"></languageCode><countryCode value="USA" Sync="TRUE"></countryCode></mdLang><distInfo><distFormat><formatName Sync="TRUE">Shapefile</formatName></distFormat><distTranOps><transSize Sync="TRUE">0.000</transSize></distTranOps></distInfo><mdHrLv><ScopeCd value="005" Sync="TRUE"></ScopeCd></mdHrLv><mdHrLvName Sync="TRUE">dataset</mdHrLvName><refSysInfo><RefSystem><refSysID><identCode code="3857" Sync="TRUE"></identCode><idCodeSpace Sync="TRUE">EPSG</idCodeSpace><idVersion Sync="TRUE">8.8(9.3.1.2)</idVersion></refSysID></RefSystem></refSysInfo><spatRepInfo><VectSpatRep><geometObjs Name="EUS0"><geoObjTyp><GeoObjTypCd value="002" Sync="TRUE"></GeoObjTypCd></geoObjTyp><geoObjCnt Sync="TRUE">0</geoObjCnt></geometObjs><topLvl><TopoLevCd value="001" Sync="TRUE"></TopoLevCd></topLvl></VectSpatRep></spatRepInfo><spdoinfo><ptvctinf><esriterm Name="EUS0"><efeatyp Sync="TRUE">Simple</efeatyp><efeageom code="4" Sync="TRUE"></efeageom><esritopo Sync="TRUE">FALSE</esritopo><efeacnt Sync="TRUE">0</efeacnt><spindex Sync="TRUE">FALSE</spindex><linrefer Sync="TRUE">FALSE</linrefer></esriterm></ptvctinf></spdoinfo><eainfo><detailed Name="EUS0"><enttyp><enttypl Sync="TRUE">EUS0</enttypl><enttypt Sync="TRUE">Feature Class</enttypt><enttypc Sync="TRUE">0</enttypc></enttyp><attr><attrlabl Sync="TRUE">FID</attrlabl><attalias Sync="TRUE">FID</attalias><attrtype Sync="TRUE">OID</attrtype><attwidth Sync="TRUE">4</attwidth><atprecis Sync="TRUE">0</atprecis><attscale Sync="TRUE">0</attscale><attrdef Sync="TRUE">Internal feature number.</attrdef><attrdefs Sync="TRUE">Esri</attrdefs><attrdomv><udom Sync="TRUE">Sequential unique whole numbers that are automatically generated.</udom></attrdomv></attr><attr><attrlabl Sync="TRUE">Shape</attrlabl><attalias Sync="TRUE">Shape</attalias><attrtype Sync="TRUE">Geometry</attrtype><attwidth Sync="TRUE">0</attwidth><atprecis Sync="TRUE">0</atprecis><attscale Sync="TRUE">0</attscale><attrdef Sync="TRUE">Feature geometry.</attrdef><attrdefs Sync="TRUE">Esri</attrdefs><attrdomv><udom Sync="TRUE">Coordinates defining the features.</udom></attrdomv></attr><attr><attrlabl Sync="TRUE">GEO_ID</attrlabl><attalias Sync="TRUE">GEO_ID</attalias><attrtype Sync="TRUE">String</attrtype><attwidth Sync="TRUE">60</attwidth><atprecis Sync="TRUE">0</atprecis><attscale Sync="TRUE">0</attscale></attr><attr><attrlabl Sync="TRUE">STATE</attrlabl><attalias Sync="TRUE">STATE</attalias><attrtype Sync="TRUE">String</attrtype><attwidth Sync="TRUE">2</attwidth><atprecis Sync="TRUE">0</atprecis><attscale Sync="TRUE">0</attscale></attr><attr><attrlabl Sync="TRUE">COUNTY</attrlabl><attalias Sync="TRUE">COUNTY</attalias><attrtype Sync="TRUE">String</attrtype><attwidth Sync="TRUE">3</attwidth><atprecis Sync="TRUE">0</atprecis><attscale Sync="TRUE">0</attscale></attr><attr><attrlabl Sync="TRUE">TRACT</attrlabl><attalias Sync="TRUE">TRACT</attalias><attrtype Sync="TRUE">String</attrtype><attwidth Sync="TRUE">6</attwidth><atprecis Sync="TRUE">0</atprecis><attscale Sync="TRUE">0</attscale></attr><attr><attrlabl Sync="TRUE">BLOCK</attrlabl><attalias Sync="TRUE">BLOCK</attalias><attrtype Sync="TRUE">String</attrtype><attwidth Sync="TRUE">4</attwidth><atprecis Sync="TRUE">0</atprecis><attscale Sync="TRUE">0</attscale></attr><attr><attrlabl Sync="TRUE">NAME</attrlabl><attalias Sync="TRUE">NAME</attalias><attrtype Sync="TRUE">String</attrtype><attwidth Sync="TRUE">90</attwidth><atprecis Sync="TRUE">0</atprecis><attscale Sync="TRUE">0</attscale></attr><attr><attrlabl Sync="TRUE">LSAD</attrlabl><attalias Sync="TRUE">LSAD</attalias><attrtype Sync="TRUE">String</attrtype><attwidth Sync="TRUE">7</attwidth><atprecis Sync="TRUE">0</atprecis><attscale Sync="TRUE">0</attscale></attr><attr><attrlabl Sync="TRUE">SHAPE_AREA</attrlabl><attalias Sync="TRUE">SHAPE_AREA</attalias><attrtype Sync="TRUE">Double</attrtype><attwidth Sync="TRUE">19</attwidth><atprecis Sync="TRUE">0</atprecis><attscale Sync="TRUE">0</attscale><attrdef Sync="TRUE">Area of feature in internal units squared.</attrdef><attrdefs Sync="TRUE">Esri</attrdefs><attrdomv><udom Sync="TRUE">Positive real numbers that are automatically generated.</udom></attrdomv></attr><attr><attrlabl Sync="TRUE">SHAPE_LEN</attrlabl><attalias Sync="TRUE">SHAPE_LEN</attalias><attrtype Sync="TRUE">Double</attrtype><attwidth Sync="TRUE">19</attwidth><atprecis Sync="TRUE">0</atprecis><attscale Sync="TRUE">0</attscale></attr></detailed></eainfo><mdDateSt Sync="TRUE">20190306</mdDateSt></metadata>
